{
  "os": "Windows-10-10.0.26200-SP0",
  "python": "CPython 3.11.14",
  "startedAt": "2025-12-02T15:34:56.998019Z",
  "program": "D:\\demo\\data-mining-and-knowledge-processing-main\\2025-spring\\exp02-sentiment-classificationn\\bert-sentential-classifer\\main.py",
  "codePath": "main.py",
  "codePathLocal": "main.py",
  "email": "2095774200@qq.com",
  "root": "D:\\demo\\data-mining-and-knowledge-processing-main\\2025-spring\\exp02-sentiment-classificationn\\bert-sentential-classifer",
  "host": "Welog",
  "executable": "E:\\Miniconda\\envs\\AD\\python.exe",
  "cpu_count": 20,
  "cpu_count_logical": 20,
  "gpu": "NVIDIA GeForce RTX 3090",
  "gpu_count": 1,
  "disk": {
    "/": {
      "total": "209715195904",
      "used": "185797206016"
    }
  },
  "memory": {
    "total": "33663352832"
  },
  "gpu_nvidia": [
    {
      "name": "NVIDIA GeForce RTX 3090",
      "memoryTotal": "25769803776",
      "cudaCores": 10496,
      "architecture": "Ampere",
      "uuid": "GPU-7f9b44c5-192d-4c40-2868-47fae5993e35"
    }
  ],
  "cudaVersion": "13.0",
  "writerId": "refd16460p63i3vf8yikdpu0b7yjm5gh"
}